real_time_sent,P,Q,V,f,angle,real_time_recieved,real_time_elapsed
15:53:52,2.058,29.259,48.251,19.323,18.37,15:53:53,1.661437
15:54:04,60.939,55.561,25.55,46.9,6.058,15:54:05,1.446864
