P,Q,V,f,angle,simulation_time
46.543,20.69,53.411,50.881,25.827,12.404999983
29.69,60.387,73.706,71.8,94.987,12.804999981
95.764,47.218,39.268,3.116,78.982,12.804999981
